edge_id,before_max_depth_cm,after_max_depth_cm,reduction_cm,reduction_rate,before_interruption_duration_min,after_interruption_duration_min
L5,32.0,19.584000000000003,12.415999999999997,0.3879999999999999,25.0,0.0
L2,24.0,14.688000000000002,9.311999999999998,0.3879999999999999,0.0,0.0
L8,22.0,13.464000000000002,8.535999999999998,0.3879999999999999,0.0,0.0
