edge_id,before_half_life_min,after_raw_half_life_min,recovery_factor,after_half_life_min
L5,60.0,60.0,0.6120000000000001,36.720000000000006
L2,60.0,60.0,0.6120000000000001,36.720000000000006
L8,60.0,60.0,0.6120000000000001,36.720000000000006
