priority,obstacle_rank,layer,indicator,normalized_score,deviation,obstacle_degree,governance_direction
P1,1,恢复能力,积水消退半衰期,0.4444444444444444,0.5555555555555556,0.19437749219713213,排水管网扩径、增设调蓄池、提升泵站排涝效率
P2,2,适应能力,绿色调蓄容积,0.34285714285714286,0.6571428571428571,0.1686085903744266,建设调蓄池、下沉式绿地、透水路面和雨水花园
P3,3,恢复能力,应急响应时间,0.4166666666666667,0.5833333333333333,0.16327709344559097,建设智慧预警系统、优化应急联动流程和抢险调度
P4,4,适应能力,疏散点位密度,0.42000000000000004,0.58,0.10822938765536316,增设疏散点、完善避险空间布局和引导标识
P5,5,抵御能力,排水能力达标率,0.68,0.31999999999999995,0.09703324410480835,推进排水管网改造、清淤维护和易涝节点提标
