road_id,risk_index,risk_rank,risk_level
L5,0.8338461538461538,1,极高风险
L2,0.6546153846153846,2,高风险
L8,0.5956410256410256,3,高风险
L1,0.4615384615384615,4,中风险
L4,0.4251282051282052,5,中风险
L6,0.3823076923076923,6,中风险
L3,0.3261538461538462,7,低风险
L7,0.1823076923076922,8,低风险
