road_id,max_depth_cm,peak_time_min,mean_depth_cm,min_capacity,mean_capacity,min_safety,mean_safety,is_closed,first_closed_time_min,closure_duration_min,duration_capacity_below_0_4_min,duration_safety_below_0_6_min,risk_index,risk_rank,risk_level,susceptibility_index,susceptibility_rank,elevation_risk,drainage_shortage_risk,slope_shortage_risk,length_risk
L5,32.0,45,22.94327692307692,0.0,0.2307692307692308,0.0,0.3,True,35.0,25,55,55,0.8407692307692307,1,极高风险,0.6881807932469934,1,1.0,0.48936170212765956,0.6521739130434783,0.40625
L2,24.0,45,15.943900000000001,0.1,0.38461538461538447,0.2,0.5000000000000001,False,,0,50,50,0.6546153846153846,2,高风险,0.4653784044704523,5,0.5813953488372116,0.48936170212765956,0.4347826086956522,0.1875
L8,22.0,45,14.329492307692309,0.1,0.43076923076923074,0.2,0.5615384615384615,False,,0,50,50,0.5956410256410256,3,高风险,0.6666107098294011,3,0.8139534883720962,0.48936170212765956,0.5652173913043478,0.8125
L1,18.0,45,11.927853846153848,0.4,0.5692307692307694,0.6,0.7153846153846153,False,,0,45,45,0.45461538461538453,4,中风险,0.399679284630941,6,0.46511627906976927,0.0,0.7391304347826088,0.59375
L4,17.0,45,11.038730769230769,0.4,0.6000000000000001,0.6,0.7384615384615383,False,,0,40,40,0.4251282051282052,5,中风险,0.39175935288169794,7,0.16279069767441662,1.0,0.17391304347826084,0.0
L6,15.0,45,9.578161538461538,0.4,0.6307692307692309,0.6,0.7615384615384614,False,,0,35,35,0.38230769230769235,6,中风险,0.4965511248736102,4,0.720930232558141,0.0,0.8695652173913044,0.46875
L3,12.0,45,7.706761538461539,0.4,0.6615384615384616,0.6,0.7846153846153844,False,,0,30,30,0.32615384615384624,7,低风险,0.6674418604651157,2,0.9069767441860448,0.0,1.0,1.0
L7,9.0,45,5.963238461538461,0.8,0.8615384615384618,0.9,0.9307692307692309,False,,0,0,0,0.1823076923076922,8,低风险,0.31406249999999997,8,0.0,1.0,0.0,0.09375
