edge_id,start_node,end_node,pavement_type,slope_per_mille,pipe_diameter_mm,drainage_capacity_lps,min_elevation_m,length_m,road_class,base_speed_kmh,base_speed_m_per_min
L1,N2,N5,沥青,1.8,1200,850,201.2,450.0,主干路,40.0,666.6666666666666
L2,N3,N4,沥青,2.5,1000,620,200.7,320.0,次干路,30.0,500.0
L3,N5,N6,沥青,1.2,1200,850,199.3,580.0,主干路,40.0,666.6666666666666
L4,N2,N3,水泥,3.1,800,380,202.5,260.0,支路,20.0,333.3333333333333
L5,N4,N7,沥青,2.0,1000,620,198.9,390.0,次干路,30.0,500.0
L6,N3,N6,沥青,1.5,1200,850,200.1,410.0,主干路,40.0,666.6666666666666
L7,N1,N2,水泥,3.5,800,380,203.2,290.0,支路,20.0,333.3333333333333
L8,N6,N7,沥青,2.2,1000,620,199.7,520.0,次干路,30.0,500.0
